{
  "model": "DistilBERT fine-tuned",
  "accuracy": 0.8866666666666667,
  "f1_weighted": 0.8867498896664775,
  "n_train": 2400,
  "n_test": 600
}