{
  "model": "TF-IDF + Logistic Regression",
  "accuracy": 0.8066666666666666,
  "f1_weighted": 0.8067011350805253,
  "n_train": 2400,
  "n_test": 600
}